PC1,PC2,PC3,type
-24.2195863677,19.6982618641,-42.8586233635,1
-106.850744368,2.17867166462,-12.9589492905,1
11.0422330649,-37.8920744638,23.5100281161,1
25.6751562796,22.8844549781,-44.7741162203,1
0.886893212692,-16.2399574483,39.6522446814,1
47.2696643205,2.20496743477,22.8041616769,1
-9.983273169,-30.2836850196,12.7286708673,1
-70.9568275091,-13.2345964022,-21.0490328211,1
-82.978860677,-50.79027458,10.6311005776,1
-10.5775967953,18.2933463703,-43.523427412,1
-56.1564944407,-21.1089283381,-3.61681131762,1
-33.3559374069,-10.0713877605,-10.3971568487,1
-66.5558297397,16.7351209978,-31.7283588684,1
-36.7379436447,4.06586921376,-39.4954475163,1
-55.9550369007,-22.2161371249,-16.7640988104,1
-78.608415877,-24.1116647474,32.3014218893,1
-79.6556859041,16.6666939765,-59.3833160929,1
-3.33845660906,-32.5622167637,-11.6529318014,1
-5.38143518138,-0.369559303426,14.7019099549,1
-91.8193037326,-54.4061530083,39.8845071742,1
17.9305287176,-24.3469155555,23.7308983335,1
54.6511326315,34.449097986,-56.3678825004,1
7.860617561,-27.526787967,15.1626453531,1
13.6417544714,-42.2752594654,15.9624820913,1
49.9837087202,5.50283624453,24.2219555744,1
-49.4282960525,42.7487534078,-28.232452581,1
-67.8661719851,25.4343034313,-37.4082804838,1
105.713065312,80.3442631622,69.9493216943,1
-51.11507505,-1.55606796954,25.3020667531,1
-35.7291276726,7.52436326141,-1.08288284027,1
38.5720052233,39.2550827073,-40.9166135973,1
17.867405374,113.285929785,77.161212667,1
114.994223871,69.2678229006,59.2138840978,1
-0.846715970433,-11.6338490458,-14.5384806106,1
-53.9501371444,20.4840415346,-40.1287659111,1
280.782880097,-46.3915866347,-23.2510397481,1
3.64563166075,38.0280001531,-41.1929541988,1
280.80166855,-46.2185489206,-23.248446621,1
-52.6776894835,0.421930486425,17.4598893083,1
82.5012966583,94.097050325,73.8169336904,1
59.9801294595,80.1940709187,69.5780277841,1
16.7307422808,47.5517056105,-67.71738411,1
12.2949160913,12.9354560921,-43.7470015924,1
-18.0003365497,20.9948719306,-45.9067917432,1
-31.2951810436,-40.6591490385,6.80166524583,1
-45.0249049224,-59.6087383608,32.9853711973,1
-30.5341291209,-5.50176860852,7.22825481547,1
-59.4706685336,-1.47741817464,-34.6771307636,1
-32.9369672218,61.4598799181,-45.4121691327,1
24.8150165016,-61.1096869829,41.6984476672,1
-27.3862767039,-23.3553986752,-9.34473073519,1
55.8147807215,-30.809018347,30.4542522567,1
-30.2437467402,-10.3703524706,42.6668888908,1
31.5429390499,19.398465395,-45.8251911137,1
-99.9956126013,-16.1433301724,23.6600604148,1
-22.9861617879,27.3427907632,-16.4504492491,1
145.82103809,84.2761405393,48.3888705706,1
11.4802921549,34.4917971856,-54.3220612994,1
-25.7134105296,-54.2719268683,34.753197197,1
-37.171262516,50.0614969168,-33.7892429777,1
-35.4742056493,30.7725048123,-19.801346254,1
-57.1654703544,-13.8642133446,-15.7528248766,1
-97.5343561857,8.44983897008,-12.2559138404,1
33.9429418835,15.9443665344,-20.1550132206,1
33.9860563622,62.4309326822,55.0288596813,1
-21.6133325393,-7.68913560637,-27.7224976785,1
-4.53191976215,-40.0194781896,17.0498964328,1
15.2852417522,-27.9639351288,10.6316664568,1
281.90199293,-37.9652717481,-23.479341558,1
-51.7869450498,-46.3087726472,14.3892887364,1
-19.6491387053,-47.366686862,28.277885758,1
281.514396873,-40.8547766708,-23.3943918722,1
-14.1090475861,-56.0336569996,39.1526909306,1
15.7543090218,7.05115394805,-35.2886012215,1
-0.945454215846,51.0109031707,-37.049965937,1
29.7662473058,141.568939343,79.6354227803,1
-2.52117842369,20.1746102753,-42.6448227652,1
-61.3001870299,-16.8877617318,7.17096727209,1
-74.1607538336,-26.0967092973,22.1095795447,1
-35.1031653323,-10.239450252,36.4212729606,1
281.026760119,-44.5055946172,-23.2906743202,1
281.351769096,-42.1524933787,-23.3761182934,1
-59.2046492181,8.62648584094,-2.43903049422,1
-82.8962634315,3.86847485669,-12.5103266354,1
280.839245456,-45.8724734924,-23.243260367,1
-11.9194563875,-44.6230874814,29.297081998,1
-66.4489400292,-22.1739057483,24.6811968521,1
-88.4191751272,7.66458642558,17.6940028098,1
80.3628370202,98.2927159799,79.1890266389,1
-20.2435505706,14.1607488334,-46.9273624897,1
-2.14435248056,-25.6295273788,42.1551281383,1
-27.8552509868,-43.2099061052,14.1502730782,1
2.78186510288,-17.2983131441,27.4440573915,1
-106.480990182,-50.1235450383,12.2645062391,1
-72.097898703,-5.29392018353,7.7891570207,1
75.2736005091,37.3182111666,-25.8551275636,1
19.6662174843,-35.9276864539,31.9568124192,1
-45.0034392256,-43.1705223533,25.5693814259,1
22.7384522631,25.765475003,-62.2191171648,1
-97.5520708208,-27.7812718648,21.7717357495,1
51.0975483558,-23.7272739572,33.0873214192,1
-113.44701352,14.0016837196,-19.3579296742,1
-100.718759821,17.5168555505,-5.17853178037,1
-45.9868977766,-2.09901689401,-8.57147235545,1
-2.49799408924,-9.36202758025,-35.8028580957,1
39.9633171719,120.75534281,68.8593108248,1
-25.563231836,-50.3455210849,28.4292193462,1
280.901709248,-45.4572358968,-23.2672144873,1
280.739204759,-46.6337865161,-23.2244925007,1
85.1616997593,64.941101155,65.1938106116,1
-4.41647259704,29.0845771734,-8.27327153257,1
-95.2795101627,19.4038144324,-21.3153141909,1
-57.2426013059,-49.3361638795,43.3756385644,1
-8.272394913,-72.5637159435,32.991654605,1
-35.554119768,16.9385957151,-1.81945410193,1
-59.055560719,-16.3166191307,-23.8838357031,1
68.0445209272,116.430581354,74.7577267294,1
-42.6177007047,-6.82977372572,-31.1295516344,1
-30.2639833716,15.9224687849,-23.9629279571,1
-37.9560924013,9.40703760762,13.3019938201,1
36.4794921591,22.8921555604,-47.1626776136,1
-65.7977091386,-20.0018118371,44.6549653766,1
-96.2822361726,-33.7727818393,53.8054606381,1
12.1202965138,28.8858622331,-56.029420778,1
45.4802691103,15.7080278642,-46.5833501264,1
-15.9384899155,-30.1835551353,-3.21565024517,1
12.2542916239,21.5118322101,-20.1020230459,1
-54.855913816,-25.9295230424,30.1088770254,1
1.41978581537,-13.575984849,-29.3018570183,1
-15.3087617008,-6.4713923157,-32.9977444145,1
18.9969450837,33.8210775569,-49.8434108467,1
-71.5717222743,3.03107181474,-25.0242334242,1
-9.26057512706,-3.06322650569,-41.4606356065,1
-74.2939437476,-12.4655051951,51.6617983756,1
21.6353135548,17.9449002394,-50.7286069579,1
-65.7171434085,-57.4355445006,26.5045936304,1
-76.4174598547,-28.3273528019,23.5145018069,1
-42.0876708542,-3.13356294707,-6.97436755034,1
-112.16083606,32.1727487738,-40.0259216477,1
-16.3527472173,0.414599603998,18.9013558954,1
-17.7114783603,-41.1295133851,14.3996502477,1
280.770436655,-46.4261677183,-23.2364695608,1
-61.7210193024,-16.4335345643,19.2260080384,1
-87.1329889493,24.8264178735,-26.2122051822,1
7.20829870704,-45.7982824482,30.7857982487,1
-47.7018208614,-23.5986042245,36.0682527049,1
-47.4980857159,-9.46694827415,-11.5369344539,1
-78.6036158509,-44.8716553685,42.3644718806,1
51.4073085745,42.1094485354,-51.968574511,1
-16.0942215755,-8.96405073366,-25.5981999555,1
35.5246414465,18.6993273327,-41.1102252447,1
24.6857799718,25.289781414,-40.3653453643,1
2.26672411874,-4.70462552136,-29.0114102078,1
8.94369834958,-26.7319319321,14.5018394764,1
-48.868515012,0.514384598222,23.1543153567,1
-25.0149016732,-39.3910973463,21.1844251411,1
-23.3885829831,27.2566637729,-18.9828297074,1
281.182919597,-43.4675006283,-23.350559621,1
-98.5195462245,-5.54861879191,6.44891278995,1
-58.3924710006,33.0972443274,-38.7524270155,1
100.742081317,70.2699682019,76.7764166528,1
-18.8086229591,18.6724902556,-45.2209221832,1
-54.7141194668,-0.906010248561,-24.8552081296,1
-38.8047355047,-56.6263019192,43.6900920088,1
-135.197992695,35.9723886361,-28.1454600123,1
-29.0874112547,35.5116776399,-60.8280812451,1
-53.693939673,8.57175691595,12.5308394331,1
-78.2748211811,39.9873350001,-42.7083817113,1
-42.4408715234,-53.7670595317,48.9419091053,1
-15.3537771981,-10.6283365159,43.7861300639,1
2.01435815787,23.6508019519,-56.1892363212,1
-0.855643811647,33.1889240805,-55.5195059437,1
65.1599875144,114.377482738,82.7411371466,1
-105.760062023,-46.8580016326,53.8841619272,1
-65.6837857658,-49.3813287511,5.35809716582,1
280.370273866,-49.4714198133,-23.1613980957,1
22.1604539879,30.6680210351,-54.8812921451,1
-38.0140138867,45.4196289789,-38.2178982105,1
35.7697731426,21.2224501914,-45.8557375466,1
88.7205021908,83.5013560674,57.1775863425,1
48.0976501646,-37.5264030127,31.5257698834,1
-12.0795782176,-48.4239175523,23.2633623081,1
92.7619118703,98.9901910703,93.829584777,1
4.28181702846,-1.57814789719,-36.6198095615,1
-27.5474803982,-61.8013500555,41.3635974952,1
-61.2812012851,29.6230193297,-33.7163810495,1
-25.1368444734,-38.7966721352,51.5245891807,1
-59.7629840601,15.0537527186,-55.2295204652,1
-25.124851005,-40.1140960833,16.4724973581,1
110.908137881,81.3775526135,64.1416693024,1
-9.19761647184,26.4710477918,-57.3934969703,1
280.595365435,-47.7584655099,-23.2036257948,1
-15.2870829753,6.21011348305,-37.418599808,1
7.65139058387,-49.4033750703,31.3334327535,1
19.817542776,7.03155027832,-37.0010847015,1
21.4791427095,-38.0925935644,15.9312777207,1
-8.86400192958,-4.45834513635,-7.46423016996,1
-37.7951285833,-24.7050320117,-17.1262170038,1
18.9103344122,-45.2978362652,34.5937346943,1
-30.8021365289,44.2942884972,-25.0664511938,1
-8.99286138432,2.8426931057,-35.5179392391,1
-11.381243207,0.00644493985571,-48.0535972608,1
-41.4995347288,-15.71576186,-0.577762385591,1
-40.2452053402,-46.3530466051,22.2735558466,1
-42.0407811862,-10.5340192284,-14.0740737617,1
-5.02521993912,-39.3129200753,5.35656142532,1
-33.6918985314,-28.65470055,-6.15043175624,1
-12.4073696907,-20.5210427046,13.4670372769,1
-25.8519199417,-15.6141233047,24.5156453558,1
-37.0933878403,13.2297482685,-51.5808545116,1
-77.5253168701,-26.6218302102,29.5776388839,1
-109.061872052,-4.14806471395,-3.00665804848,1
-75.6059878433,21.5229010087,-13.8741016295,1
1.02689415187,-11.9931352955,24.0719367992,1
-32.7146185911,3.07293725752,-40.802164304,1
-139.901305246,17.6915771816,-20.1109761978,1
-7.71065669536,-31.2535990541,25.2959698265,1
-38.0896592943,7.08682724894,-49.6088678924,1
-27.2046139337,-10.2067127252,35.835085719,1
-46.8101667547,-10.211643074,44.1909055509,1
-38.2814330037,-10.8274227694,2.30218923864,1
-55.7794999682,25.5843602951,-12.0185184225,1
101.851934201,55.4868948458,47.0652406066,1
5.93896311053,-18.7449666686,20.1361614766,1
14.7054459385,28.5916532774,-55.9118910918,1
3.48420049132,23.0691451782,-48.7525022303,1
-29.4623597484,-42.7102708175,10.9274891742,1
-72.5522311362,-15.0269507187,38.6044742238,1
-48.9734528769,-5.21472493278,-30.4339779845,1
13.9998260103,27.9177477894,-52.5293194652,1
13.726905645,-39.1826937723,14.9234483657,1
27.0881155846,-43.0406094642,26.6134850362,1
281.426799619,-41.5815086109,-23.3901941931,1
-64.2183342269,2.53352417898,-0.0111126006395,1
12.0112539877,-36.3946131519,18.7780189052,1
-14.9717726215,31.983560285,-19.8219388077,1
-3.28221219905,7.4351919861,-45.0335722956,1
44.7017705896,54.5058633415,-40.442107543,1
-41.8550261777,1.2735893098,-38.438705875,1
-41.6164648847,-19.0146377458,20.2788057833,1
-43.7057384434,-6.80939185375,-31.8866634321,1
-81.0436547553,37.5436671223,-45.6594250712,1
-14.3981158091,62.1800955686,68.1916615215,1
2.09833688088,9.47179877313,-37.6883969951,1
37.991427634,13.3585969945,-24.5137267612,1
-7.16603373313,-6.88718049763,8.52728318983,1
281.108012363,-43.9173193075,-23.3120353135,1
-89.541348334,26.2047096866,-9.13593854961,1
-61.8081757886,-28.4519347167,34.6935112617,1
14.3301969836,-47.0034109511,25.1374701525,1
-31.0010367691,24.9265406097,-36.8179111314,1
-15.5768575004,2.94517503537,-32.8271593174,1
24.8515515374,-8.65728087997,29.1585942909,1
282.201991733,-35.8024987655,-23.5600935647,1
75.3086307111,79.1998746963,63.1289868515,1
-7.66486023726,-7.17522681778,-43.2931756702,1
-51.8472603666,-15.444064779,26.4149133297,1
-56.3572306442,-30.6086334703,-0.687171425256,1
-50.7812415977,-28.4118489915,24.5427964199,1
-65.370827489,38.215767974,-35.9877252153,1
-114.424895886,-23.3513221633,15.3101911708,1
-155.87080118,33.6587551966,-20.4241865822,1
4.12367324904,-12.6987423799,-12.7098882529,1
-65.298985048,-11.0574893102,3.17047843718,1
57.3354088173,-3.78889819826,13.9719031506,1
-118.550754919,-1.02294798989,2.50090340557,1
-48.9914190388,0.805531665917,-46.1714847111,1
8.102538551,-22.7805937388,30.1311754956,1
-23.612166948,-18.8799111849,-13.6180118265,1
-16.7059588754,-46.0903529042,46.0775425746,1
-44.2573367479,-30.1305262488,5.27831796321,1
15.3804140629,-34.1548069575,16.5542059623,1
11.5046562968,18.4343202573,-43.1895827233,1
-35.9941273845,-41.1285775471,56.4403424418,1
81.3785967419,91.8868365985,72.6112609656,1
-18.7550817268,-17.8367992304,46.0248858875,1
56.1336044317,15.9806433616,-42.9677467112,1
-94.0946362641,56.8235447225,-45.0046478415,1
-67.5955463565,12.8708730199,-24.9570506698,1
15.942591756,26.0535470299,-55.7009891246,1
-89.206188906,2.5160823032,-2.50453080412,1
-5.17900593511,33.5821170949,-24.8485863236,1
-50.5190011843,-42.8430247552,27.0644539905,1
-73.3669721447,-38.7333110077,42.2014888121,1
95.3994978285,92.3754838624,76.3329539943,1
-51.8854218616,-37.6464173967,24.3040019784,1
280.782880097,-46.3915866347,-23.2510397481,1
11.5520094726,12.5030687542,-18.3317362149,1
-37.5927825927,-36.7918922852,-4.65149128856,1
-141.173234333,-6.40299492099,1.93301877968,1
-29.5303836991,-28.4025988306,-20.3875794763,1
-64.4902557174,51.4359255156,-37.5003469315,1
-81.1568153902,25.5359812745,-34.8582010393,1
-91.673221639,28.0038921715,-36.1509976982,1
-30.1992886908,-13.0813126254,15.9788617262,1
-24.2938784353,32.5274730261,-27.8365557648,1
-80.1274867862,11.4076655165,-18.8542816204,1
1.36229188294,36.7144047473,-57.1496204602,1
-48.2374679347,-54.9491640207,27.3587853486,1
-45.3802390947,-34.338441387,0.856344074493,1
-81.2096458357,33.7209481324,-18.8414119463,1
-102.663839088,-3.19526130936,-7.8679881201,1
-126.109726812,-12.9994073287,25.6323433311,1
-156.233040764,0.135160007179,14.1371301205,1
124.014883495,88.8266814092,70.5110420746,1
99.9015253352,93.9010280915,68.5485648807,1
12.8454996326,-27.0314361434,29.7766869105,1
130.763412447,62.785678332,53.5364748181,1
-64.7028050427,-26.3852304304,63.5703028536,1
-33.9883723631,-19.1395324803,-7.17594081483,1
281.08922391,-44.0903570216,-23.3146284405,1
-32.9158233436,26.7821101628,-65.4043859876,1
-6.92945302105,-15.145398394,-10.9790718504,1
-51.4138059982,38.4275097221,-42.7684531927,1
-6.93167941683,-34.4310497604,17.6595211665,1
14.5671321556,-20.5656344793,27.3496224751,1
6.48980817713,-51.2096543429,24.7497145332,1
-43.6680433362,12.5440021838,-7.01797568519,1
137.60981017,95.8212822663,83.4096751758,1
281.289305305,-42.5677309742,-23.3521641731,1
-140.804630199,12.872073939,-8.48938680704,1
167.439665852,52.5577977469,61.6646783339,1
-13.2713840209,-18.3034639605,41.1982536677,1
-8.79835632493,7.93594618649,-40.998929247,1
-25.2255263268,-10.6673219595,33.5538083487,1
40.6087012063,7.63304262792,16.6200917762,1
-15.0107495028,-24.208884614,-15.8348206288,1
-41.6771062452,-16.3095113848,45.0263911064,1
10.4302063389,-18.4521225839,36.839893271,1
-44.7770991097,23.4655705869,-30.1416734986,1
281.364335827,-41.9967462064,-23.3662400728,1
-2.96595782238,-32.9805833923,9.43212279866,1
-74.3862345723,-3.67625794515,-21.6866328684,1
12.6320878151,-11.7698389264,-26.0814373902,1
11.5958094976,15.7761779882,-56.1353533454,1
-35.9339658947,-12.3393922431,-30.7117902281,1
84.4643978612,99.5148528739,91.2004200795,1
-2.04062193229,-18.2710156186,4.53893864215,1
-72.5140503404,-15.9278267807,47.430420895,1
-26.1987605049,22.8116587962,-22.1808655918,1
-35.8045282281,17.5628711232,-48.2498051344,1
-68.6268449732,20.871937991,-6.85595479241,1
-93.0362286033,12.4522785553,-18.2942342872,1
31.8251520755,100.875749478,62.7093583932,1
-57.9943721464,40.9238228316,-54.2564053406,1
7.48123227304,-34.6351671598,2.71899111818,1
-27.345487062,-30.1598497978,-2.30192560692,1
-15.0772398578,-5.04979020806,-32.8267246518,1
-55.821307065,50.1542845691,-48.0964948979,1
-11.7616313011,-35.1440265417,-1.802125763,1
-69.370946843,-14.5179987318,63.5618231244,1
-44.5680464627,-7.54036092661,-33.3604267099,1
-41.4216204014,-41.4075038589,20.3394290614,1
-45.4700093834,-20.5141330441,32.9475685207,1
280.801545262,-46.3397150092,-23.2728950289,1
-41.386339393,-8.52808845416,-3.0101398418,1
-39.9179683751,-58.6014584407,35.2952907051,1
-55.6011655897,-44.8781124792,10.212093483,1
-55.4250718817,16.6603109814,-24.9106588624,1
-60.1342346828,-28.2536279861,55.9320985206,1
-45.3490276498,-43.6583044539,17.8491905687,1
-117.696048929,5.97226031395,-9.40964339004,1
-50.3319517769,-2.86164339423,-24.0636554089,1
6.97054650691,43.1882350265,-64.8961319262,1
-107.730326632,-15.1715669445,37.390386774,1
34.1968146649,20.5357520624,13.1001829073,1
6.11167033583,-41.3040453348,14.777995794,1
91.1523456866,58.8474254236,54.794893357,1
-58.0258409925,-59.8770281951,52.8698614895,1
10.5022206167,48.656805039,-68.8728649126,1
7.21035185735,15.2445400527,-51.418685116,1
62.7856888303,44.4906288075,-25.2566689836,1
-87.4219171864,-24.6813148364,31.7759436833,1
-58.5666795169,53.7663240429,-41.8703999077,1
-60.3497407463,49.5883554277,-23.4733306953,1
280.945384586,-45.2150360154,-23.2937617347,1
-35.1120584406,-2.70757241016,-28.2552675998,1
-45.0006074407,-35.4779553062,-3.6755685375,1
25.1826562942,-21.0554002256,32.2234250843,1
23.2407400156,-5.3623176575,-11.5490423614,1
107.053122143,62.6650771495,56.0720126431,1
-121.341220127,-27.4701414847,19.5597575462,1
-63.9529447221,-31.6121530724,-12.0841064981,1
280.370273866,-49.4714198133,-23.1613980957,1
-35.2423200648,13.52946949,-10.2248212928,1
-43.271134388,28.4407154822,-10.0277378828,1
28.6358553698,13.820012326,18.0341660813,1
-100.763495241,-13.9110815018,4.90733355261,1
-27.6663223182,-31.9279547814,-6.68818590215,1
17.7050249657,2.93595483975,-36.6202084816,1
-27.3577704561,-69.2916791775,50.8358084855,1
8.85109108427,36.1052709462,-24.1457203197,1
-12.175599968,-30.667760003,-12.9090403478,1
16.0096716233,15.1939920199,-47.3998384919,1
-15.0845748946,44.1736548536,-26.2101923124,1
-66.3489803816,21.9211359597,-11.1259175702,1
-30.2978342954,-39.3670280197,-3.39092618403,1
-41.9737525816,12.7854305466,-6.74185286755,1
-3.47399031207,23.6053290075,-36.7322345211,1
-22.6716048025,-16.3880016387,20.0973463254,1
-14.5400463196,-34.4271921703,7.61114620803,1
-23.8144670498,0.784089720391,-28.5711487067,1
-24.6874687487,-15.3678545434,37.9245710514,1
26.2328921791,8.97168747249,-44.4702001236,1
-69.0001924937,38.0659635309,-22.1841830718,1
-104.057315746,-16.8402812211,20.5280764092,1
-38.9637062219,-45.7073236215,28.9132763913,1
-71.51190761,0.32733616534,17.5512870631,1
6.78862594631,15.6385485248,-28.4355792792,1
-87.3531460076,-29.428192505,34.6795223594,1
-186.481482313,8.60838656241,-4.30018172935,1
-86.7066497884,-31.9878410473,29.0858482412,1
-29.3964608588,-6.31778299204,-16.8607308891,1
89.4956903322,106.202917675,98.2172585756,1
-56.7980064429,20.4529818428,-31.7520885739,1
-41.6998463976,36.6162202339,-24.3695794632,1
-49.4245273298,-30.944233588,-6.29046749492,1
38.8614571638,33.7790667037,-54.5228934653,1
-29.9587115184,48.5948121474,-33.6745005291,1
-73.5807028509,-55.453038363,45.5347314953,1
281.733143431,-39.2802789978,-23.4537828856,1
-10.8852912597,-16.6277235913,34.3228937322,1
-46.6726071344,0.208835174398,-29.0800513941,1
84.344498509,75.5554893185,72.9286908146,1
-109.073232027,19.9099017851,-5.83144578067,1
-20.6744183129,-25.6679114585,44.8292062508,1
14.9418138985,-28.9073109551,14.7784079618,1
16.3068035607,29.7919946221,-55.9958817984,1
12.314855789,-33.2038965737,20.9885064214,1
6.6060647641,51.7519596122,-74.2881152721,1
11.0366156975,41.683597872,-34.48962766,1
27.6759274644,11.6664942636,-5.26321383685,1
-151.949003202,22.2358818014,-22.2278452378,1
30.4376494003,18.62341542,-22.5225279918,1
281.445588072,-41.4084708968,-23.3876010661,1
64.8466510238,91.5662742474,67.6489324627,1
29.3503959651,17.8559528446,-18.8941840471,1
-24.7974987481,9.54039343612,-43.578929703,1
-39.9570079644,17.2702173025,-48.6157219355,1
-49.3082787913,-30.4062103856,20.3667009147,1
76.3989628688,94.8699498116,61.7845331085,1
110.001593799,84.798705072,73.5072903974,1
282.07071914,-36.771430587,-23.5293486382,1
1.54393382141,-41.6070044882,17.2686723674,1
36.3273797668,30.4755343032,-62.1753870687,1
71.6777311354,117.83500625,68.8577205929,1
280.851688899,-45.8378924087,-23.2578305542,1
-77.2110678197,-46.0049066586,12.8253790303,1
-43.6513208696,-33.6964791993,48.4070280502,1
-28.0520912797,47.1796059249,-31.9763444278,1
-38.8038230768,-59.0820295328,33.3102480333,1
13.4536125633,-1.31544080309,29.50245736,1
49.1452453065,-27.351433702,13.7163362053,1
-29.5672434586,-61.2679831649,40.6238877329,1
-30.1670882782,-11.2025419341,26.341185052,1
65.1496481234,128.721764233,93.6569192112,1
-83.4346625889,54.6725822661,-54.7528060959,1
-2.06588857944,-5.63574644333,-33.1582147012,1
-29.5991806844,7.68170904239,6.49166778791,1
-10.8049835902,-49.6177184783,33.1624686859,1
-29.3033180857,-34.7570740446,4.53229024876,1
281.045548572,-44.3325569031,-23.2880811931,1
-20.1972136715,-45.6251266121,32.6417889992,1
-14.8019432492,38.3622250004,-27.3028971713,1
-13.1823508695,12.6237464336,-46.0617331147,1
6.5213385231,-29.032198588,41.0661095455,1
-45.6997181802,15.1116800372,-23.5404219273,1
-9.41200627613,33.1380130117,-34.0021721139,1
96.2469877457,71.0941863955,52.1776110429,1
8.38280080857,-12.1380058853,-25.1955199913,1
281.67067964,-39.6955165934,-23.4298287653,1
1.03098671873,-13.4051500112,-22.2459878467,1
41.6221895247,110.239715326,75.5365992107,1
280.80166855,-46.2185489206,-23.248446621,1
38.5991601998,17.5947795448,-51.0173537526,1
-12.5246043038,-36.8366262723,45.1699095805,1
52.7271635958,9.087908817,15.9985227011,1
12.2172679229,-32.4097397773,14.7075628607,1
280.932941143,-45.2496170991,-23.2791915475,1
105.745695502,94.1046119908,85.448696596,1
-6.08701040857,9.16192420176,-36.9869469773,1
280.901709248,-45.4572358968,-23.2672144873,1
5.45672464408,21.0709307127,-31.369680673,1
-11.6293896481,-41.6297671499,18.804816736,1
-4.32283398502,-10.200912867,10.7935692938,1
38.0643271478,-6.39913349605,-26.1720508755,1
13.0856393578,60.1439941961,-28.174579725,1
-8.04157972166,-64.878275624,39.1905222851,1
-39.8938110901,-31.3231175141,-12.5987696873,1
0.373165851178,30.5642787693,-27.5778865237,1
-29.3686306911,-18.1364708602,-21.3005088793,1
-105.326901478,-45.7874456593,32.1662914678,1
37.6813222808,109.786366936,68.324761854,1
90.0378926292,78.3747581791,70.0868776981,1
-79.7480720189,0.492156760825,12.626608811,1
-3.58899530806,5.92911030435,-39.9842479712,1
-7.43238186224,-36.0463797918,-2.22276054943,1
30.4248689791,24.1786722748,-29.6665434138,1
-52.8697544323,-11.6366534324,23.7204822979,1
-83.7788088434,-28.6073510153,-3.9729179849,1
-113.075205675,-26.9478992181,46.4043744892,1
34.3894330901,32.9762549964,-31.3909735136,1
34.4934488285,-49.4518178523,31.9595340756,1
-31.5474133281,41.8204546152,-31.4544948136,1
-61.7038735911,26.5072096512,-21.9439731191,1
-15.7780720615,15.1006834724,-44.655824879,1
-67.0490047958,-58.6556363527,43.5945650655,1
23.9174781295,-20.6461990937,41.4996708293,1
2.95982996456,-53.8688334231,31.3149131748,1
-31.2258672507,-13.2523222115,-15.0263715766,1
1.15010902329,-4.94050018384,-42.5258259912,1
48.6380120577,90.2812308325,63.1920917378,1
40.3254366807,19.2577777682,-3.0700285008,1
3.02311053917,-32.0359788782,2.20114898312,1
0.372783619986,8.06874422106,-47.5288776459,1
-31.0816046872,-18.9330264091,-12.6568142678,1
-37.1579788365,-43.5611503818,43.350535973,1
21.4992650831,-3.96701515554,5.71735396938,1
-0.637182064972,-13.9628858006,35.9616488175,1
-44.9919298165,-6.34168430422,-31.0998895862,1
32.1845805102,-47.2471502497,48.2262408695,1
-53.8904581362,-44.1185968073,27.4798270679,1
-2.04973891024,37.7073178227,-34.917230994,1
22.7447119605,-59.7303364115,40.3481445899,1
-64.638635349,-12.1267838931,-27.2339381683,1
-101.791706896,-21.3321791952,27.0777955555,1
0.441925021201,-21.7523633421,34.6463977546,1
-18.0156310115,-29.4438796013,44.1313334519,1
-15.2500399186,-8.36962658101,8.02520607283,1
-14.5388130285,-57.74841521,33.1960748537,1
-72.2899985876,4.15864493177,-13.9124007063,1
-0.844404944293,8.93721683008,4.42180558608,1
67.6433683017,90.657983688,52.9373120798,1
-69.5469189006,26.2939780226,-19.5120785264,1
1.3476518708,9.46855148701,-38.3216149082,1
20.2758624327,28.0610953613,-50.1571096252,1
-10.905667502,22.6518400411,-53.7789659853,1
281.49560842,-41.0278143849,-23.3969849993,1
-86.1754531763,5.73251428546,-6.71605835092,1
-3.44709672992,-6.96233809241,-30.2179446227,1
281.658112909,-39.8512637656,-23.4397069859,1
4.5267482676,-38.7146137984,7.85614991394,1
282.857214376,-39.3599261823,-15.3110083618,2
282.051292177,-45.1199103673,-14.5621092616,2
282.050883158,-45.1568292319,-14.5201511809,2
282.336396955,-43.0272530798,-14.8942999568,2
281.933129091,-45.9349343207,-14.4883818462,2
282.478438069,-42.0270730169,-15.0079477036,2
281.862108533,-46.4350243522,-14.4315579728,2
282.21741583,-43.9161147625,-14.7366563802,2
282.241293859,-43.7309586531,-14.7765767116,2
282.454560041,-42.2122291263,-14.9680273722,2
282.526194127,-41.656760798,-15.0877883665,2
282.525580598,-41.7121390949,-15.0248512456,2
282.407213002,-42.5456224807,-14.9301447899,2
283.070889577,-37.804277791,-15.544417103,2
282.691090722,-40.5637217871,-15.1364612432,2
282.004354158,-45.416384857,-14.5661847599,2
282.123335282,-44.5275231743,-14.7238283365,2
282.809867337,-39.6933195367,-15.2731257796,2
281.838639524,-46.5832615971,-14.4335957219,2
282.572927636,-41.3787457406,-15.0627338279,2
281.269657026,-50.6578195781,-13.8950885734,2
282.335987935,-43.0641719444,-14.8523418762,2
282.573336656,-41.3418268759,-15.1046919085,2
282.620683694,-41.0084335216,-15.1425744908,2
282.739255799,-40.1564907035,-15.2582599868,2
282.71537777,-40.341646813,-15.2183396553,2
281.95700712,-45.7497782113,-14.5283021776,2
282.004763177,-45.3794659924,-14.6081428405,2
281.719658399,-47.4721232798,-14.2759521453,2
282.19415133,-44.0458925751,-14.7596731696,2
281.719658399,-47.4721232798,-14.2759521453,2
281.909251062,-46.1200904302,-14.4484615147,2
281.909864591,-46.0647121333,-14.5113986357,2
282.289049916,-43.3606464341,-14.8564173745,2
283.23701323,-36.6004821863,-15.7189642216,2
-43.9023151038,-55.3535670604,44.6475811263,2
-79.00457084,-14.8133798095,12.2802248549,2
-28.2477263674,-39.9364064007,46.8506806348,2
-50.2734075181,44.7412688664,-41.2228827512,2
0.116391954217,2.29334472767,-54.6829295247,2
-92.0860199904,-2.37531957934,20.2802456028,2
-63.6233854437,16.3244546616,0.121902421966,2
-24.2808610629,31.5553650696,-45.3989036448,2
-3.08355870321,-35.4244945784,-5.93924874623,2
-40.8663302113,7.09993617383,-49.3628930219,2
23.0153006907,13.85172981,-50.2828408571,2
-81.2173532159,-8.23866706741,-29.2490809182,2
-29.2614769393,-6.11583106911,2.28389199815,2
5.36631056586,-36.6052366882,0.758537595596,2
-39.6057635352,-11.5920845492,41.5049146978,2
-53.9160275414,-13.2773957501,23.1271015647,2
-99.0944623311,-10.1168195481,6.48241440779,2
39.6572309582,16.5934560131,-53.2865982739,2
1.90825466763,-32.1732384612,15.2933669364,2
6.55610735652,-10.3077316438,-16.0943567817,2
23.3782372072,24.522854278,-17.5383557204,2
-13.6718187885,-36.8900083526,34.8260179048,2
12.0363478593,-33.2983585415,37.231285966,2
7.28663587273,11.3566520036,-53.0917985909,2
-10.8457851469,13.5603935002,-29.3823279429,2
-4.76733412861,-2.91723235567,-41.6498385756,2
-43.4051538941,5.66212457755,13.5325410403,2
5.25582861862,-36.8689638993,34.1479684797,2
-47.5549823903,13.0663683327,-3.83480961207,2
-111.526635804,11.5232724462,-29.2478978495,2
-3.93214759765,-14.5545511639,26.2313105869,2
-28.163213926,-8.72533053178,-17.9070162808,2
10.3282616968,14.5856288581,-34.5440302464,2
-69.2887656148,27.7575581304,-31.2638007108,2
1.89668135662,31.9923928814,-29.5339400523,2
-112.729760451,-4.54795139512,12.4944852881,2
-13.3178980402,-12.488358033,-27.2506189225,2
-37.3147506782,5.31581453207,-5.39269204981,2
-35.5305902871,43.1664983017,-35.1060633758,2
2.43585607007,18.2136888177,-73.6163497395,2
18.8979545019,9.45333875648,-59.4870236174,2
-21.9057238055,16.8461882749,-32.5618406632,2
-1.88489249885,9.09642038552,-23.5579482287,2
-54.3878891859,18.2958246617,-32.4624535563,2
5.36225329966,15.5586220912,-34.515524574,2
19.9228237477,-33.4989802558,41.7555702315,2
0.204859211654,-53.489524329,49.335411069,2
51.7374778419,3.04451499043,-53.9664554091,2
-38.7423350896,-46.200080398,57.4116170595,2
3.3813164273,-54.7388127153,51.2848530908,2
-46.8252870988,-17.1662362198,38.6306089873,2
-86.714836186,-3.49850687095,18.3872837208,2
-17.2011049817,-24.1555613227,-15.7278585802,2
20.3942907083,-55.1924657512,34.0011654682,2
-0.137672176772,-47.5092018445,34.867600139,2
-72.8648677094,40.4857928479,-32.1535380805,2
-4.51154955056,-23.0267251172,-11.8397828489,2
22.9218160209,3.25881244753,-31.5255504578,2
-74.7760403387,41.1281144238,-48.9306880208,2
-88.6263642435,20.3253466933,-36.8592413973,2
-56.8974693942,2.88119653331,-62.3123751713,2
58.3106287302,31.8716806687,-26.3079550617,2
-34.7016664153,5.30734420215,-24.3940133113,2
-20.713544038,10.7182179733,-57.374473721,2
-9.88811685947,25.8275275809,-40.7656962788,2
10.2778669322,-47.5994834948,49.8536399953,2
25.3053241571,23.7651472499,-30.5786662921,2
-6.51888926856,19.799807486,-51.8691241742,2
14.3102427529,-10.9914329267,44.1622338921,2
20.8427286359,-28.9494903387,19.3420384828,2
-36.0562619925,-14.6414340759,-24.8242099943,2
-86.2843877287,-5.50784868078,3.06361473866,2
-1.55905723288,-25.3332122035,21.7908421777,2
-10.656991739,-39.9291605111,35.2407540681,2
-55.6254038131,-16.2544046324,31.091100939,2
-98.4028220601,6.10773657513,-2.92891406698,2
-38.0777428895,15.7786348746,-51.2505006923,2
-32.9386943945,-0.844593914401,-29.1771879369,2
10.6919742688,23.1501675305,-19.1006891389,2
22.9892777706,-33.5778792251,31.3465822277,2
32.7831020692,16.0164854984,-50.1691695951,2
-88.853752342,-12.1466618423,-34.4890459575,2
-63.7965893244,-5.83624261821,-8.93433151778,2
54.3129442683,22.4633338306,-61.0402092739,2
-61.0871719793,-0.582286731239,22.4441537499,2
-155.270845431,26.0869050439,-24.5832705475,2
-41.9201924859,3.23474223661,18.6515304624,2
-27.3701603117,16.2567042384,-43.8919651684,2
-125.282775672,28.6540549646,-40.4889867297,2
-11.5188382043,-12.6126157266,-20.3417388343,2
24.5440728815,-8.35682521433,11.8824745898,2
16.2472071256,31.9184500245,-33.9822877591,2
14.7684706158,24.6981298125,-26.9425145468,2
-24.8094368833,-14.7330833164,34.4481594237,2
-41.1243230552,40.9406408994,-54.8092706083,2
-10.9545972849,-0.205341068159,-36.1588333231,2
-87.4239820959,-35.2323814767,27.1142339516,2
-27.4906088033,-7.46820047968,-45.5334985782,2
-80.7487255146,-42.8488050979,63.8022723111,2
-36.3437154453,-45.6282348528,43.229664914,2
-49.6278845596,5.07698528203,-24.2856208035,2
-24.2177965924,20.4117440345,0.334288077986,2
21.8002544137,11.0136431526,-57.9501322263,2
-105.16765738,-32.7208849381,41.5827392626,2
32.8952983181,-23.445189305,11.3260465936,2
-80.6053471859,-8.03589447916,49.500193293,2
-41.6428457497,9.09570631315,-27.8213825077,2
-84.8192400335,22.1178868653,-15.4227648767,2
6.86114640548,-37.069813795,23.6008261651,2
5.62743956389,21.0456395034,-33.525842211,2
29.2571145805,31.802926237,-32.7785832057,2
-21.9581595031,4.01315795395,-43.2321864165,2
-72.1851907589,23.5733805307,-47.6361505383,2
-58.9577085374,-51.4586128431,49.4362818705,2
2.1233976908,5.88084561757,-45.959403409,2
-49.2847087406,-20.5761207734,31.838872121,2
-93.7601395145,7.44974914333,-20.4618388951,2
2.53166319467,-5.38281065072,-28.9450620884,2
14.4898944434,-5.89789253472,-24.2056122555,2
-102.829529984,-9.41325193754,-0.109558337767,2
-80.7325924159,-4.47101997752,-36.3108643276,2
19.4418055499,-40.3708463008,42.2678993662,2
1.276874112,15.0167276636,-59.5787975964,2
-129.962988023,-36.7387801964,72.3358087156,2
-60.8970390883,-17.0001100481,34.7269489395,2
9.42621330334,-8.67651602642,-22.0821792284,2
-53.6147477129,-2.746589441,-39.1720374909,2
-30.6098547801,-7.706359059,37.8907898963,2
-58.6295383242,21.6052861698,-22.9285537348,2
-52.5485861755,10.5398536182,6.0511474041,2
-32.448090879,24.5886684544,-24.3816558052,2
9.71452269877,-52.3483894058,30.9379666597,2
6.9952259063,18.09366041,-21.2551793431,2
-35.1010168889,21.1461300095,-9.16077884743,2
23.9252689562,16.9576673234,15.2030013171,2
-20.9658848179,-37.5097345155,12.2265941206,2
-9.40208223396,23.5855042713,-52.275157684,2
-37.6115326063,-20.3718467777,-20.6565439945,2
39.4746064821,30.8965239315,-40.818006974,2
-11.3199828241,-14.5388586921,37.3149011953,2
-81.2903320584,22.2060805882,-48.5245047225,2
29.5014216226,8.50482061017,3.82955604819,2
-141.464329737,23.0362123764,-51.2213253022,2
-42.7683748535,8.79441122348,19.3578569421,2
-105.953134974,-20.4812695063,21.4515531462,2
38.0019380589,11.8130866057,-26.4820742827,2
-45.6874730022,-16.0681300224,13.8712699889,2
-41.5541232802,-46.6639101454,45.1238801579,2
-112.712737216,-14.7274072737,33.6728136132,2
-60.3832859115,31.9299037402,-34.0239172231,2
-75.2590369101,-38.7742449785,19.222580441,2
-74.938167322,22.2270263566,-31.7218907351,2
-29.6516474966,-30.8892429942,4.86671751681,2
-34.4169238789,-36.4699078817,0.252789952869,2
-27.2479747042,-5.66941069535,-28.5258072049,2
-72.5506430088,-28.4028025845,19.9730342605,2
-12.0156208081,14.8954752286,-53.2933677929,2
-43.1110246336,-12.5843750752,-29.5326317667,2
-66.0979596154,18.8288855048,-8.25992838848,2
37.2947645221,-9.15762230055,-34.7914159312,2
22.904234889,3.76151169079,-37.9995048725,2
55.9522003873,25.3271635258,-54.7153389237,2
-27.1307662127,12.2801229047,-49.3328403394,2
5.99939796165,-1.41130874793,-11.1852791425,2
-49.7658207597,37.5898405338,-65.3637950873,2
-54.8097905462,-8.60406381796,-27.9283502692,2
-44.0566718719,-11.6355313293,-30.1736191192,2
11.8507762119,-2.73690064368,-45.1370377827,2
-37.4844511629,-9.91278822601,47.0882088218,2
1.56272807315,8.86596748386,-48.1597985544,2
26.9289609619,-11.1033538601,-31.6524362969,2
-56.0849374248,2.89074379936,-33.7743789492,2
-93.4585493297,-26.9969225531,47.7752429514,2
-5.75904488142,3.64948187458,-54.8373846562,2
-19.0721329495,0.00960249870404,-33.3398237636,2
-30.1143418304,43.4533843747,-37.0720740125,2
-54.0775503933,21.6021120788,-24.9877353716,2
-1.50317042618,8.49349965585,-58.4736030366,2
-50.8442429505,12.8049081419,-14.2720622872,2
-79.9406918671,-15.6430120095,22.0642708116,2
-17.3756054895,-4.58348536623,-36.1340347734,2
-106.540285265,10.4800820397,-41.5311490588,2
-56.1857741427,-10.0120136062,28.0460944932,2
-31.3580538296,5.87600257494,-41.1773025809,2
-35.6958502245,-49.2707931192,39.113202271,2
-55.0115344847,10.04458371,3.1415896621,2
-127.332526988,-15.012251527,50.8725542012,2
-5.41327322737,-13.9169778906,11.0509480633,2
-13.6201023275,-26.1397988098,7.17154942549,2
-76.1849327087,-8.31557726451,22.0619928574,2
-47.8133697631,-34.7431632647,33.2907973719,2
-28.3082138408,-20.2985520468,-23.1152084143,2
-4.70694362688,23.800071957,-57.9846182987,2
-58.511446629,26.7531145242,-52.8269712063,2
-75.6752255869,-0.862212783353,-1.86792329872,2
-14.0183490306,-42.4708245469,37.393783973,2
-83.7662599753,-14.9541009052,54.0671307745,2
-22.5231417418,-61.5504683106,55.6847562295,2
-104.63113773,-0.527943451818,-2.43340851946,2
-44.4130285496,-47.3129837388,24.1716560282,2
-56.8197106869,-46.8621038473,38.7810927451,2
29.2825201647,-0.334214359887,-47.3116339516,2
46.3835006132,-20.9029133752,35.2640180517,2
-78.994655319,-41.0185449188,28.8742508701,2
-7.82750769259,24.1301282548,-51.7325786031,2
-79.5823814344,-31.3024605056,25.9826333955,2
-11.9606496204,-12.3388680985,42.9116609387,2
-95.7454113736,-13.5167356144,23.1728300572,2
-50.6375885049,-2.7735767717,9.85102185149,2
6.71381054339,-48.7040847664,28.2453026418,2
-8.59705424826,8.80154493497,-56.2499623424,2
-0.044591019673,-38.9330118484,20.6862132808,2
-2.9710828355,-36.1513159564,15.5783203506,2
15.834572974,-32.9820280714,22.3938682976,2
-36.5500227142,-28.9979571708,54.1228535325,2
-11.250011889,-0.156519022468,17.8602972383,2
-12.7203001519,44.6561365924,-52.0477210008,2
-35.0691548801,-20.3288824833,24.4584136357,2
-34.1708949328,-12.0900733646,-27.0811578324,2
-158.673078879,15.4893050431,-18.7649202697,2
-106.830219115,8.75518825192,-19.494940433,2
-27.3176251294,25.7778518189,-42.3858325601,2
-37.6724813103,-12.4042648129,-2.24150994657,2
-55.923305046,-18.895780784,52.7069724299,2
7.14079490263,-13.8177758578,-31.1549716518,2
-67.5472513341,16.1519338292,-43.9870599262,2
-8.51367695537,-41.2045478595,28.0209122234,2
-62.5751447327,4.29641309351,4.67802568915,2
-90.7543651232,-15.3083712823,31.2098531669,2
-2.41638890579,36.1586103856,-51.5225388268,2
-45.7481653893,-27.7355759671,62.7638163322,2
-37.8231734604,9.03968907152,0.36079151313,2
73.3906883577,14.3521352899,-0.214183441379,2
24.045098591,36.5142660645,-44.7994932573,2
-50.0924088311,-6.33643061302,12.7228844909,2
-3.53593634363,-25.7579801703,-5.81362605573,2
33.0681705616,-33.0055201485,31.6158574235,2
8.89587173699,-31.5113749403,24.5916075211,2
-49.3467630683,-48.244798616,45.2391896757,2
-88.5969968479,6.57117554074,-24.7447306496,2
-65.9285283412,-4.46632731971,-43.2347902407,2
37.8636808857,19.6116289643,-26.5263755783,2
-46.5887900595,-14.6025501979,43.6974358591,2
-56.6202896865,-16.9567982707,-12.1169024859,2
1.30833167981,-46.7820658208,40.8923177626,2
-37.8679710236,-28.8231274897,-7.70043056021,2
-10.5416311084,-9.39356030141,-33.5365190989,2
-36.3913163987,4.51489759725,-6.41734439308,2
-35.7220486559,-1.87332964566,-37.7402809726,2
-25.7392099101,-21.5559558314,30.9905915949,2
50.9493788507,-16.0541180799,35.799190373,2
7.71568662657,17.8161783447,-48.0887274602,2
-20.6463606929,3.43925491712,-48.7456456954,2
-128.733689471,13.0833675676,-12.8275751437,2
-22.3386319491,-34.5067547021,31.1760946006,2
-58.7757431555,-1.91163869532,-7.14339666112,2
2.99867686067,-30.1468466931,-1.36410219071,2
4.66421719458,-42.0443805933,31.4453885335,2
5.43243442475,-0.245761648774,-41.7500783779,2
-121.280567503,4.80965950061,-12.154458223,2
-14.1535843201,-47.2513516396,48.819754217,2
-10.9858988128,-11.1005997874,-36.2307520052,2
-48.8782130373,21.2244160055,-34.5514950619,2
-27.9246867775,6.68595309571,6.41036728812,2
-35.4882970922,27.1561216318,-39.275013293,2
-16.0859550884,-26.2655144832,-2.26907037135,2
92.1419514201,-9.7502526492,-18.7298437712,2
-22.7858515325,-7.54752686504,37.2474043163,2
4.2551791072,-2.17044568553,-47.1746444095,2
-35.2677004274,-8.52478940102,-27.8365134842,2
-4.05306607067,-29.9639977208,11.8172583813,2
-98.2942354135,-16.931612984,36.5968049921,2
-60.4217055269,-43.3546173536,39.6981752966,2
-90.2766812622,-0.697122344358,-34.926282749,2
-21.8807063781,-1.47034113989,27.0005626912,2
-16.0546437103,-6.16371682679,-32.1392920944,2
-134.121010403,8.73448903522,-20.9020644112,2
-5.1299546954,32.7733477006,-29.7258230677,2
22.3601723587,-6.18591045623,27.1287401116,2
-82.5214326884,-30.8411328094,27.0011857356,2
-46.6089705107,-25.7664518562,4.57137840166,2
-111.31225327,14.601896767,-29.0399662019,2
-47.3261988385,-16.4710815316,38.995455953,2
-7.83779669859,-34.6577179199,57.119716014,2
-17.8946679457,-48.3829048601,50.5103714613,2
-15.3871021699,23.7089546388,-52.6278524093,2
-11.9197801065,-45.4328564595,33.5991662868,2
-11.357145422,-54.2664715025,50.8153157692,2
20.3120072162,-0.728274171664,15.2551177152,2
-68.7042998953,35.057857777,-35.8355674461,2
16.8025030107,22.3483150539,-34.7361145797,2
-32.4059152009,26.6386655269,-16.8031704622,2
-61.0409790065,46.2296303649,-55.5273636995,2
-54.3650945792,-8.23769010432,-24.8816057433,2
-16.0741988224,-35.7108660133,14.4384500825,2
-43.3448843397,-38.7056983469,36.0563834277,2
-110.312726683,-33.3055707452,41.3802675012,2
-25.2318816915,-22.9337655805,6.25276238454,2
18.3356443949,5.21622188144,-51.4624511167,2
-1.33710234932,-51.5771470564,27.9477721577,2
-24.70525603,8.41162900655,-46.8204889082,2
9.36299973399,12.5752693177,-50.6012150061,2
-15.5379799656,-5.1709176531,44.4557329677,2
-11.4956010312,-24.3292595977,41.4298204824,2
-74.34649997,-44.3003525588,15.9100787747,2
-53.5029286066,34.4213969661,-23.9227511731,2
-115.621377714,-21.4569075764,62.6256840182,2
9.89836477634,-34.878881926,-4.68548286732,2
60.3616992323,0.0385719150174,18.1718834603,2
-66.7110955014,-24.1550258631,-16.4915588718,2
-8.80458205323,-40.6308147968,26.5171074668,2
-14.2799436284,-31.8063862471,24.907598714,2
-48.1693243461,-47.5602638012,43.1775353951,2
-62.2547495268,16.401565089,-33.8036591371,2
-10.1191169678,8.16638405846,-48.0794234169,2
-59.5829607012,-12.0053401202,-9.90178684831,2
2.43037803988,-4.10497006889,-37.2347120813,2
3.40583953135,34.7713818165,-37.7111474925,2
-34.8635780397,-48.7253493453,43.0678191427,2
7.97691173129,-6.24190551662,21.9359395996,2
-64.0923610245,-17.5671036735,-24.5248908439,2
-44.3189542175,-32.6621785099,23.010421623,2
9.58465005887,-32.8949299661,32.2612757548,2
35.6600898307,14.8615755066,-59.0573039186,2
-52.1668759099,-25.8112002184,-17.895866122,2
-24.4085521397,-4.79739197167,34.4588243167,2
-48.1178344316,-6.53384594504,7.44705862288,2
11.7206079075,-34.6341324902,30.8148175029,2
-42.8531281175,-35.9854073339,36.88251527,2
1.70676233776,-38.3003076378,20.7607165303,2
-37.9721494114,-19.3323863543,27.9620015326,2
-37.7568478493,-7.2844117025,-29.3054985082,2
-24.3116132134,-18.2917512191,-21.5627569818,2
5.44225813564,7.23485037429,-12.9073502944,2
-50.2888067371,-1.6162847314,-14.4902563092,2
-7.80148775731,-34.1954225938,52.3821328555,2
17.0597148977,-15.8859427017,34.6707021556,2
4.46759854213,20.2225507401,-66.0778872835,2
-64.7330567281,-19.2205143846,66.5265832718,2
-2.07419915497,-2.07229805255,10.4427026303,2
-25.2598354896,-24.0405796911,-16.8921901316,2
34.4884940867,31.0555271915,-45.6199864161,2
-17.6891126763,-41.5572383413,45.802992023,2
35.9957971465,29.001171858,-70.344475198,2
-9.57382968464,15.1038370657,-36.8830443845,2
-69.0276106472,-33.3018396297,9.09985095172,2
-29.7151976862,7.51255432483,-33.9582828983,2
-27.5473086541,-19.4973872783,16.89044896,2
12.8881491072,-10.9178629657,-20.1224482734,2
7.19225535809,42.5925656113,-43.1399761386,2
-24.4667140964,-15.9407282824,39.4657722771,2
-57.7754781987,-45.6018293257,26.3170447899,2
-110.654166667,-13.5226100776,13.0323216617,2
-52.644450537,-29.6755984861,19.9899709658,2
41.063001707,27.3570405418,-16.3519786124,2
-69.1124917818,-30.7790304993,-18.1626022905,2
-5.66289259084,31.6455792224,-40.2898737524,2
-7.75604178245,-4.56446119338,-24.9591716547,2
-50.0090021867,-13.0225977873,28.5162222952,2
-20.2069236514,-50.4144667256,39.2882376349,2
-75.13573118,47.1257332105,-65.1688590184,2
-2.04231472277,34.0834456199,-48.7617908796,2
8.26507422931,10.7962034343,-46.5891767327,2
-93.1489359273,3.51976069228,14.4509417085,2
-64.8637355339,-2.86622626645,40.0254393793,2
-4.38011636385,-11.5511110319,-40.2717912791,2
-115.050529807,13.8171032087,-29.9217180892,2
8.42831236553,-24.8519420287,-1.67382390026,2
-21.1428820468,1.97136374016,-37.6515983569,2
-51.6194634253,-9.57070097645,22.4550406533,2
43.3284884172,3.12565643098,-44.1232623943,2
-109.269646199,-21.4599369267,49.8685803268,2
-0.303358881498,-50.222398467,36.1095884342,2
-88.879046346,4.14159269487,1.47570755677,2
-5.68009244174,41.3396260412,-35.16530056,2
-79.2448436386,-15.0553580449,26.7749115851,2
-24.7972784206,-41.3794632032,26.9336194261,2
-10.6324556168,-33.2030320103,27.519357785,2
-67.8780888925,-9.61764955478,-28.3330840134,2
-35.5819030505,-39.1823360181,32.8386488261,2
-15.007783279,-5.75988070701,-47.0358688582,2
-64.1559785839,-14.2719626649,32.9526862246,2
7.38445227528,-5.69956868203,-30.3230203799,2
-54.8571555348,7.34387042544,-20.006060809,2
-81.3725498371,-23.8215007822,57.994195464,2
-17.6825511775,-4.8351197382,-34.8308712163,2
3.89769285965,6.11933561927,-28.9444688848,2
-80.3970310242,-13.9320160452,13.6152407313,2
-58.6102141658,-16.2422039437,55.2206908988,2
-1.83661247295,-46.039066077,36.0587225846,2
3.05236851402,33.9409133468,-21.69390784,2
-40.8649321413,-38.1669105364,35.4962806607,2
-89.1438366607,-0.435415458994,6.47159573794,2
-87.2666493781,28.5419836044,-42.8626932445,2
36.4485097104,15.1965539564,18.4911267261,2
-4.3807073811,1.41790325315,-42.5329967238,2
6.71024378334,-52.6594172062,36.3594306831,2
6.08266052708,11.6565697843,-56.3227020297,2
-36.6781752745,-27.1247672751,4.49750919852,2
16.459333887,32.9033821206,-23.6074378827,2
-68.6349183816,20.6950858101,-44.2700765228,2
15.379833855,5.55148315881,-1.73031948013,2
72.0359542162,15.1517789666,-46.9229996202,2
-73.4237162096,-44.5842785203,47.1130990684,2
-66.1355778915,-12.8555092127,29.4227815439,2
-11.6267453901,-31.0885488682,64.6597865359,2
-16.3502992877,-32.1295314929,30.0625122502,2
-28.9217150737,23.3763824636,-80.897916948,2
18.8184903871,-31.1327387324,9.49845021691,2
-47.5597103972,-8.51244380967,30.083952066,2
-98.310826622,17.6578252233,-18.6277460863,2
-10.2197460167,-46.0650422645,32.2600805113,2
14.9809996709,-57.8725682913,41.7448783727,2
-116.219431996,14.9491690727,-33.8017313455,2
-40.4452974878,-47.6346844856,37.4628376061,2
-19.0761123271,-9.15017287633,46.458551326,2
-53.1525538082,8.54227235379,-40.4852910979,2
7.26256078382,-10.5175140341,33.8192872974,2
-33.2242235768,14.7191131629,-70.9207810696,2
12.8729095494,-34.3606671527,25.0326173708,2
4.96302569495,-15.0325270124,16.5246818669,2
-44.900161402,30.9713140421,-53.1731338772,2
-49.2703935873,14.8025905172,-43.4726397936,2
26.2405781324,27.2490127851,-59.0334880867,2
-49.2118334697,-18.0495607875,-13.4404533058,2
-52.0136490621,-48.7173172089,41.7804036051,2
-27.0275935921,-18.8342503952,32.0597790376,2
-102.126154503,1.64484702291,12.9405162041,2
1.87022667836,-37.6023753733,19.2864830888,2
1.73783620834,-10.0634513072,42.6343079214,2
1.06114032245,-2.48675800078,-21.5520135967,2
-95.0652047735,-10.7034453673,-30.2170944783,2
-18.1212161692,-51.2108763098,39.8056755196,2
16.8391741515,23.9163119456,-11.0305006433,2
-62.8016748876,38.9795760884,-33.3756671567,2
-25.5187280639,12.5240972304,-15.9618050505,2
-111.195198134,-29.8086724745,41.7888419218,2
-35.962797322,-26.4536361948,17.308293806,2
-83.9776423082,-7.0919620737,-12.2249856164,2
1.8462178455,-23.1221834933,47.7892560098,2
-59.6348415612,-0.351714958113,-45.9629248327,2
-3.19743123675,-13.7583975204,-30.2269378759,2
-36.3188479936,-0.905530827528,-3.04486447278,2
-56.6032341754,35.9792916192,-32.9087078564,2
5.8155026214,-10.6540376479,40.5905304494,2
-15.7970929172,3.26780118528,-47.7123929452,2
-40.6514583607,-47.28078929,38.0255069664,2
1.82243838516,13.2287645755,-50.7249709902,2
70.2672656902,19.7433459598,-25.2049296012,2
-13.5708759658,3.19651029034,-3.73418158115,2
-86.7922798923,-3.87039908114,20.7131740941,2
-56.3007845122,-12.0368657071,-29.3761324237,2
51.9415860339,-10.0335144915,30.1212869627,2
1.74330823071,-47.0878098676,27.1855172496,2
-5.73282459133,-29.8324235042,-11.2746344802,2
-87.6224677454,-10.7976872818,6.95377596757,2
-7.42749061427,-55.0713872274,46.3798475741,2
30.1201286671,30.9871927176,-21.1984151666,2
-73.4118452214,18.5546789932,-43.0560748096,2
23.0281641984,6.02907556388,-46.5144786702,2
-1.64028060085,-26.6525530118,1.49684585696,2
22.2527949619,119.670978128,51.0095869554,2
87.3628859452,81.4100730564,44.4518017396,2
87.1847262177,90.7059869442,56.4742570207,2
117.256944396,74.4721104245,44.8922166171,2
67.8503955017,99.081562905,63.1573481397,2
101.748117637,141.194422676,81.1628324307,2
140.896783572,101.853344865,48.124102042,2
102.300992071,103.295979334,67.3836702353,2
127.142867105,90.3983907126,54.5794447922,2
38.9494846014,163.846540808,79.5053543748,2
79.8521231796,92.685774446,53.2843956326,2
27.0496859447,152.671905395,70.2986332734,2
84.1714084757,77.5348904826,51.4249125539,2
36.6154922653,138.575174585,77.2809959369,2
158.780474648,85.5801786401,46.9165989428,2
74.8556986481,13.0731720347,11.801513834,2
61.2512877697,118.802249152,48.9156323416,2
93.3613251793,-0.403621702585,11.1853620478,2
17.6308217068,155.880024503,87.1641469636,2
91.5723062676,94.3336016717,47.3229712737,2
28.2554470718,97.4347553934,49.155730884,2
95.2666060278,110.432337877,73.2871578519,2
34.5030036062,124.586808074,58.3886725382,2
101.26588345,73.8981515461,47.3057002072,2
15.4664397847,139.146427919,48.8476045828,2
70.4828051542,115.051977814,41.8838972577,2
118.523314066,93.9791563832,51.3115712363,2
15.0128096872,139.379660991,61.1875522124,2
97.2924721352,87.7665711159,43.1692512847,2
26.7085412271,117.386972286,69.6376902299,2
40.9166723766,131.840046313,72.2957421246,2
102.664800846,77.7770267237,49.4357493864,2
97.6091470682,88.5387591951,45.8759887907,2
72.7268802273,107.082408854,56.2231819619,2
60.3028610901,147.227783069,62.0891893733,2
129.68771644,87.2957730082,49.7927160669,2
56.4451580247,141.919371828,60.0872161972,2
20.5637692896,127.779209193,50.7337506941,2
114.417635719,66.9703387201,43.5865987958,2
91.3398203655,104.935449007,50.2657256916,2
117.748877597,98.4386161294,63.1307176391,2
118.973084903,102.816459547,61.9477786005,2
115.40011533,76.8078974975,39.2617387724,2
105.118960904,67.3031325619,43.4984260055,2
106.343217379,93.5040060137,50.9741738022,2
